Sequence,[M+H]+,[M+2H]2+,[M+3H]3+,[M+4H]4+
XG,209.0993,105.053565,70.37165333333333,53.0306975
DG,191.06624,96.037035,64.36063333333333,48.5224325
AG,147.07641,74.04212000000001,49.69735666666667,37.524975000000005
EG,205.08189,103.04486,69.03251666666667,52.026345
FG,223.10771,112.05777,75.04112333333333,56.5328
RG,232.14041,116.57412000000001,78.05202333333334,58.790975
HG,213.09821,107.05302,71.70462333333333,54.030425
DG,191.06624,96.037035,64.36063333333333,48.5224325
ZG,328.08133,164.54458,110.03233,82.77620499999999
XDG,324.12624,162.567035,108.71396666666668,81.7874325
XAG,280.13640999999996,140.57211999999998,94.05068999999999,70.78997499999998
XEG,338.14188999999993,169.57485999999997,113.38584999999999,85.29134499999998
XFG,356.16771,178.58777,119.39445666666667,89.7978
XRG,365.20041,183.10412,122.40535666666666,92.05597499999999
XHG,346.15821,173.58302,116.05795666666667,87.295425
XDG,324.12624,162.567035,108.71396666666668,81.7874325
XZG,461.14133,231.07458,154.38566333333333,116.04120499999999
DAG,262.10335,131.55559,88.03967,66.28170999999999
DEG,320.10882999999995,160.55832999999998,107.37482999999999,80.78307999999998
DFG,338.13464999999997,169.57124,113.38343666666667,85.28953499999999
DRG,347.16735,174.08759,116.39433666666667,87.54771
DHG,328.12514999999996,164.56649,110.04693666666667,82.78715999999999
DDG,306.09317999999996,153.550505,102.70294666666666,77.27916749999999
DZG,443.10827,222.05805,148.37464333333335,111.53294
AEG,276.11899999999997,138.563415,92.71155333333333,69.78562249999999
AFG,294.14482,147.576325,98.72016,74.29207749999999
ARG,303.17751999999996,152.09267499999999,101.73106,76.55025249999998
AHG,284.13532,142.571575,95.38366,71.78970249999999
ADG,262.10335,131.55559,88.03967,66.28170999999999
AZG,399.11843999999996,200.063135,133.71136666666666,100.53548249999999
EFG,352.15029999999996,176.57906499999999,118.05532,88.79344749999998
ERG,361.18299999999994,181.09541499999997,121.06621999999999,91.05162249999998
EHG,342.14079999999996,171.57431499999998,114.71882,86.29107249999998
EDG,320.10882999999995,160.55832999999998,107.37482999999999,80.78307999999998
EZG,457.12391999999994,229.06587499999998,153.04652666666667,115.03685249999998
FRG,379.20882,190.108325,127.07482666666668,95.5580775
FHG,360.16661999999997,180.587225,120.72742666666666,90.79752749999999
FDG,338.13464999999997,169.57124,113.38343666666667,85.28953499999999
FZG,475.14974,238.078785,159.05513333333334,119.5433075
RHG,369.19932,185.103575,123.73832666666668,93.0557025
RDG,347.16735,174.08759,116.39433666666667,87.54771
RZG,484.18244,242.595135,162.06603333333334,121.80148249999999
HDG,328.12514999999996,164.56649,110.04693666666667,82.78715999999999
HZG,465.14024,233.074035,155.71863333333334,117.0409325
DZG,443.10827,222.05805,148.37464333333335,111.53294
XDAG,395.16335,198.08559,132.39300333333333,99.54670999999999
XDEG,453.16882999999996,227.08832999999998,151.72816333333333,114.04807999999998
XDFG,471.19464999999997,236.10124,157.73677,118.55453499999999
XDRG,480.22734999999994,240.61758999999998,160.74767,120.81270999999998
XDHG,461.18514999999996,231.09649,154.40027,116.05215999999999
XDDG,439.15317999999996,220.080505,147.05628,110.54416749999999
XDZG,576.16827,288.58805,192.72797666666668,144.79794
XAEG,409.1789999999999,205.09341499999996,137.06488666666664,103.05062249999997
XAFG,427.20482,214.106325,143.07349333333335,107.55707749999999
XARG,436.23751999999996,218.622675,146.08439333333334,109.81525249999999
XAHG,417.19532,209.101575,139.73699333333334,105.05470249999999
XADG,395.16335,198.08559,132.39300333333333,99.54670999999999
XAZG,532.17844,266.593135,178.06470000000002,133.80048250000002
XEFG,485.2102999999999,243.10906499999996,162.40865333333332,122.05844749999997
XERG,494.24299999999994,247.62541499999998,165.4195533333333,124.31662249999998
XEHG,475.2007999999999,238.10431499999996,159.07215333333332,119.55607249999997
XEDG,453.1688299999999,227.08832999999996,151.7281633333333,114.04807999999997
XEZG,590.1839200000001,295.59587500000004,197.39986000000002,148.30185250000002
XFRG,512.26882,256.638325,171.42816000000002,128.8230775
XFHG,493.22661999999997,247.117225,165.08076,124.06252749999999
XFDG,471.19464999999997,236.10124,157.73677,118.55453499999999
XFZG,608.2097400000001,304.60878500000007,203.40846666666673,152.80830750000004
XRHG,502.25931999999995,251.63357499999998,168.09166,126.32070249999998
XRDG,480.22734999999994,240.61758999999998,160.74767,120.81270999999998
XRZG,617.2424400000001,309.12513500000006,206.41936666666672,155.06648250000003
XHDG,461.18514999999996,231.09649,154.40027,116.05215999999999
XHZG,598.20024,299.604035,200.07196666666667,150.3059325
XDZG,576.16827,288.58805,192.72797666666668,144.79794
DAEG,391.14593999999994,196.07688499999998,131.05386666666666,98.54235749999998
DAFG,409.17176,205.089795,137.06247333333334,103.0488125
DARG,418.20446,209.606145,140.07337333333334,105.30698749999999
DAHG,399.16226,200.085045,133.72597333333334,100.5464375
DADG,377.13029,189.06906,126.38198333333334,95.038445
DAZG,514.14538,257.57660500000003,172.05368,129.29221750000002
DEFG,467.1772399999999,234.09253499999997,156.39763333333332,117.55018249999998
DERG,476.20993999999996,238.608885,159.40853333333334,119.80835749999999
DEHG,457.1677399999999,229.08778499999997,153.06113333333332,115.04780749999998
DEDG,435.1357699999999,218.07179999999997,145.71714333333333,109.53981499999998
DEZG,572.15086,286.579345,191.38884,143.7935875
DFRG,494.23575999999997,247.621795,165.41714,124.31481249999999
DFHG,475.19356,238.100695,159.06974,119.5542625
DFDG,453.16159,227.08471,151.72575,114.04626999999999
DFZG,590.17668,295.592255,197.3974466666667,148.30004250000002
DRHG,484.22625999999997,242.617045,162.08064,121.81243749999999
DRDG,462.19428999999997,231.60106,154.73665,116.30444499999999
DRZG,599.2093800000001,300.10860500000007,200.40834666666672,150.55821750000004
DHDG,443.15209,222.07996,148.38925,111.54389499999999
DHZG,580.16718,290.587505,194.0609466666667,145.79766750000002
DDZG,558.13521,279.57152,186.71695666666668,140.28967500000002
AEFG,423.18740999999994,212.09761999999998,141.73435666666666,106.55272499999998
AERG,432.22011,216.61397,144.74525666666668,108.81089999999999
AEHG,413.17790999999994,207.09286999999998,138.39785666666666,104.05034999999998
AEDG,391.14593999999994,196.07688499999998,131.05386666666666,98.54235749999998
AEZG,528.16103,264.58443,176.72556333333333,132.79613
AFRG,450.24593,225.62688,150.75386333333333,113.31735499999999
AFHG,431.20373,216.10578,144.40646333333333,108.556805
AFDG,409.17176,205.089795,137.06247333333334,103.0488125
AFZG,546.18685,273.59734000000003,182.73417000000003,137.30258500000002
ARHG,440.23643,220.62213,147.41736333333333,110.81497999999999
ARDG,418.20446,209.606145,140.07337333333334,105.30698749999999
ARZG,555.21955,278.11369,185.74507000000003,139.56076000000002
AHDG,399.16226,200.085045,133.72597333333334,100.5464375
AHZG,536.17735,268.59259000000003,179.39767000000003,134.80021000000002
ADZG,514.14538,257.57660500000003,172.05368,129.29221750000002
EFRG,508.25140999999996,254.62962,170.08902333333333,127.81872499999999
EFHG,489.2092099999999,245.10851999999997,163.7416233333333,123.05817499999998
EFDG,467.1772399999999,234.09253499999997,156.39763333333332,117.55018249999998
EFZG,604.19233,302.60008,202.06933,151.803955
ERHG,498.2419099999999,249.62486999999996,166.7525233333333,125.31634999999997
ERDG,476.2099399999999,238.60888499999996,159.4085333333333,119.80835749999997
ERZG,613.22503,307.11643,205.08023,154.06213
EHDG,457.1677399999999,229.08778499999997,153.06113333333332,115.04780749999998
EHZG,594.1828300000001,297.59533000000005,198.73283000000004,149.30158000000003
EDZG,572.15086,286.579345,191.38884,143.7935875
FRHG,516.26773,258.63778,172.76113,129.82280500000002
FRDG,494.23575999999997,247.621795,165.41714,124.31481249999999
FRZG,631.25085,316.12934,211.08883666666668,158.568585
FHDG,475.19356,238.100695,159.06974,119.5542625
FHZG,612.20865,306.60824,204.7414366666667,153.80803500000002
FDZG,590.17668,295.592255,197.3974466666667,148.30004250000002
RHDG,484.22625999999997,242.617045,162.08064,121.81243749999999
RHZG,621.2413500000001,311.12459000000007,207.7523366666667,156.06621000000004
RDZG,599.2093800000001,300.10860500000007,200.40834666666672,150.55821750000004
HDZG,580.16718,290.587505,194.0609466666667,145.79766750000002
XDAEG,524.20594,262.60688500000003,175.40720000000002,131.80735750000002
XDAFG,542.23176,271.619795,181.41580666666667,136.3138125
XDARG,551.26446,276.136145,184.42670666666666,138.5719875
XDAHG,532.22226,266.615045,178.07930666666667,133.8114375
XDADG,510.19028999999995,255.59905999999998,170.73531666666665,128.30344499999998
XDAZG,647.20538,324.106605,216.40701333333334,162.5572175
XDEFG,600.23724,300.622535,200.7509666666667,150.81518250000002
XDERG,609.26994,305.138885,203.7618666666667,153.07335750000001
XDEHG,590.22774,295.617785,197.4144666666667,148.31280750000002
XDEDG,568.19577,284.6018,190.07047666666668,142.80481500000002
XDEZG,705.21086,353.109345,235.74217333333334,177.05858750000002
XDFRG,627.2957600000001,314.15179500000005,209.77047333333337,157.57981250000003
XDFHG,608.25356,304.630695,203.42307333333335,152.8192625
XDFDG,586.22159,293.61471,196.07908333333333,147.31127
XDFZG,723.2366800000001,362.12225500000005,241.75078000000005,181.56504250000003
XDRHG,617.28626,309.147045,206.43397333333334,155.0774375
XDRDG,595.25429,298.13106,199.08998333333332,149.569445
XDRZG,732.2693800000001,366.63860500000004,244.76168000000004,183.82321750000003
XDHDG,576.21209,288.60996,192.74258333333333,144.808895
XDHZG,713.22718,357.117505,238.41428,179.0626675
XDDZG,691.19521,346.10152,231.07029,173.554675
XAEFG,556.24741,278.62762,186.08768999999998,139.817725
XAERG,565.2801099999999,283.14396999999997,189.09858999999997,142.0759
XAEHG,546.2379099999999,273.62287,182.75118999999998,137.31535
XAEDG,524.2059399999999,262.606885,175.4072,131.8073575
XAEZG,661.22103,331.11443,221.07889666666668,166.06113000000002
XAFRG,583.30593,292.15688,195.10719666666668,146.582355
XAFHG,564.26373,282.63578,188.7597966666667,141.821805
XAFDG,542.23176,271.619795,181.41580666666667,136.3138125
XAFZG,679.2468500000001,340.12734000000006,227.0875033333334,170.56758500000004
XARHG,573.29643,287.15213,191.77069666666668,144.07998
XARDG,551.26446,276.136145,184.42670666666666,138.5719875
XARZG,688.2795500000001,344.64369000000005,230.09840333333338,172.82576000000003
XAHDG,532.22226,266.615045,178.07930666666667,133.8114375
XAHZG,669.23735,335.12259,223.75100333333333,168.06521
XADZG,647.20538,324.106605,216.40701333333334,162.5572175
XEFRG,641.3114099999999,321.15961999999996,214.44235666666665,161.083725
XEFHG,622.2692099999999,311.63851999999997,208.09495666666666,156.323175
XEFDG,600.2372399999999,300.62253499999997,200.75096666666664,150.8151825
XEFZG,737.2523299999999,369.13007999999996,246.4226633333333,185.068955
XERHG,631.30191,316.15487,211.10585666666668,158.58135000000001
XERDG,609.26994,305.138885,203.7618666666667,153.07335750000001
XERZG,746.28503,373.64643,249.43356333333335,187.32713
XEHDG,590.2277399999999,295.61778499999997,197.41446666666664,148.3128075
XEHZG,727.24283,364.12533,243.08616333333336,182.56658000000002
XEDZG,705.21086,353.109345,235.74217333333334,177.05858750000002
XFRHG,649.3277300000001,325.16778000000005,217.11446333333336,163.08780500000003
XFRDG,627.2957600000001,314.15179500000005,209.77047333333337,157.57981250000003
XFRZG,764.3108500000001,382.65934000000004,255.44217000000003,191.83358500000003
XFHDG,608.25356,304.630695,203.42307333333335,152.8192625
XFHZG,745.2686500000001,373.13824000000005,249.09477000000004,187.07303500000003
XFDZG,723.2366800000001,362.12225500000005,241.75078000000005,181.56504250000003
XRHDG,617.28626,309.147045,206.43397333333334,155.0774375
XRHZG,754.3013500000001,377.65459000000004,252.10567000000003,189.33121000000003
XRDZG,732.2693800000001,366.63860500000004,244.76168000000004,183.82321750000003
XHDZG,713.22718,357.117505,238.41428,179.0626675
DAEFG,538.21435,269.61109,180.07667,135.30946
DAERG,547.24705,274.12744,183.08757,137.567635
DAEHG,528.20485,264.60634,176.74017,132.807085
DAEDG,506.1728799999999,253.59035499999996,169.39618,127.29909249999997
DAEZG,643.1879700000001,322.09790000000004,215.0678766666667,161.55286500000003
DAFRG,565.27287,283.14035,189.09617666666668,142.07409
DAFHG,546.23067,273.61925,182.74877666666669,137.31354000000002
DAFDG,524.1987,262.603265,175.4047866666667,131.80554750000002
DAFZG,661.2137900000001,331.1108100000001,221.07648333333339,166.05932000000004
DARHG,555.26337,278.1356,185.75967666666668,139.571715
DARDG,533.2314,267.119615,178.4156866666667,134.0637225
DARZG,670.2464900000001,335.62716000000006,224.08738333333338,168.31749500000004
DAHDG,514.1892,257.598515,172.0682866666667,129.30317250000002
DAHZG,651.20429,326.10606,217.73998333333336,163.556945
DADZG,629.17232,315.090075,210.39599333333334,158.0489525
DEFRG,623.2783499999999,312.14309,208.43133666666665,156.57546
DEFHG,604.23615,302.62199,202.08393666666666,151.81491
DEFDG,582.20418,291.606005,194.73994666666667,146.3069175
DEFZG,719.2192699999999,360.11355,240.41164333333333,180.56069
DERHG,613.26885,307.13834,205.09483666666668,154.07308500000002
DERDG,591.23688,296.122355,197.7508466666667,148.56509250000002
DERZG,728.25197,364.6299,243.42254333333335,182.81886500000002
DEHDG,572.19468,286.601255,191.40344666666667,143.8045425
DEHZG,709.20977,355.10880000000003,237.07514333333336,178.05831500000002
DEDZG,687.1778,344.09281500000003,229.73115333333337,172.55032250000002
DFRHG,631.29467,316.15125,211.10344333333333,158.57954
DFRDG,609.2627,305.135265,203.75945333333334,153.0715475
DFRZG,746.27779,373.64281,249.43115,187.32532
DFHDG,590.2205,295.614165,197.41205333333335,148.3109975
DFHZG,727.2355900000001,364.12171000000006,243.08375000000004,182.56477000000004
DFDZG,705.2036200000001,353.10572500000006,235.73976000000005,177.05677750000004
DRHDG,599.2532,300.130515,200.42295333333334,150.5691725
DRHZG,736.2682900000001,368.63806000000005,246.09465000000003,184.82294500000003
DRDZG,714.2363200000001,357.62207500000005,238.75066000000004,179.31495250000003
DHDZG,695.19412,348.100975,232.40326000000002,174.5544025
AEFRG,579.28852,290.148175,193.76806,145.5780025
AEFHG,560.24632,280.627075,187.42066,140.8174525
AEFDG,538.21435,269.61109,180.07667,135.30946
AEFZG,675.22944,338.118635,225.74836666666667,169.5632325
AERHG,569.2790200000001,285.14342500000004,190.43156000000002,143.07562750000002
AERDG,547.2470500000001,274.12744000000004,183.08757000000003,137.56763500000002
AERZG,684.26214,342.63498500000003,228.7592666666667,171.82140750000002
AEHDG,528.20485,264.60634,176.74017,132.807085
AEHZG,665.2199400000001,333.11388500000004,222.4118666666667,167.06085750000003
AEDZG,643.1879700000001,322.09790000000004,215.0678766666667,161.55286500000003
AFRHG,587.30484,294.156335,196.44016666666667,147.5820825
AFRDG,565.27287,283.14035,189.09617666666668,142.07409
AFRZG,702.28796,351.647895,234.76787333333334,176.3278625
AFHDG,546.23067,273.61925,182.74877666666669,137.31354000000002
AFHZG,683.2457600000001,342.1267950000001,228.42047333333338,171.56731250000004
AFDZG,661.2137900000001,331.1108100000001,221.07648333333339,166.05932000000004
ARHDG,555.26337,278.1356,185.75967666666668,139.571715
ARHZG,692.2784600000001,346.64314500000006,231.43137333333337,173.82548750000004
ARDZG,670.2464900000001,335.62716000000006,224.08738333333338,168.31749500000004
AHDZG,651.20429,326.10606,217.73998333333336,163.556945
EFRHG,645.31032,323.15907500000003,215.7753266666667,162.08345250000002
EFRDG,623.27835,312.14309000000003,208.43133666666668,156.57546000000002
EFRZG,760.29344,380.650635,254.10303333333334,190.82923250000002
EFHDG,604.23615,302.62199,202.08393666666666,151.81491
EFHZG,741.2512399999999,371.129535,247.75563333333332,186.0686825
EFDZG,719.2192699999999,360.11355,240.41164333333333,180.56069
ERHDG,613.2688499999999,307.13833999999997,205.09483666666665,154.073085
ERHZG,750.2839399999999,375.64588499999996,250.7665333333333,188.3268575
ERDZG,728.2519699999999,364.62989999999996,243.42254333333332,182.818865
EHDZG,709.20977,355.10880000000003,237.07514333333336,178.05831500000002
FRHDG,631.29467,316.15125,211.10344333333333,158.57954
FRHZG,768.30976,384.658795,256.77514,192.8333125
FRDZG,746.27779,373.64281,249.43115,187.32532
FHDZG,727.2355900000001,364.12171000000006,243.08375000000004,182.56477000000004
RHDZG,736.2682900000001,368.63806000000005,246.09465000000003,184.82294500000003
XDAEFG,671.27435,336.14109,224.43000333333336,168.57446000000002
XDAERG,680.30705,340.65744,227.44090333333335,170.832635
XDAEHG,661.26485,331.13634,221.09350333333336,166.07208500000002
XDAEDG,639.23288,320.120355,213.74951333333334,160.56409250000002
XDAEZG,776.24797,388.6279,259.42121000000003,194.817865
XDAFRG,698.3328700000001,349.67035000000004,233.44951000000003,175.33909000000003
XDAFHG,679.29067,340.14925,227.10211,170.57854
XDAFDG,657.2587,329.133265,219.75812,165.0705475
XDAFZG,794.2737900000001,397.64081000000004,265.4298166666667,199.32432000000003
XDARHG,688.3233700000001,344.66560000000004,230.11301000000003,172.83671500000003
XDARDG,666.2914000000001,333.64961500000004,222.76902000000004,167.32872250000003
XDARZG,803.30649,402.15716000000003,268.4407166666667,201.58249500000002
XDAHDG,647.2492,324.128515,216.42162,162.5681725
XDAHZG,784.26429,392.63606,262.0933166666667,196.821945
XDADZG,762.23232,381.620075,254.74932666666666,191.3139525
XDEFRG,756.3383500000001,378.67309000000006,252.78467000000003,189.84046000000004
XDEFHG,737.29615,369.15199,246.43727,185.07991
XDEFDG,715.26418,358.136005,239.09328000000002,179.5719175
XDEFZG,852.2792700000001,426.64355000000006,284.7649766666667,213.82569000000004
XDERHG,746.32885,373.66834,249.44817,187.338085
XDERDG,724.29688,362.652355,242.10418,181.8300925
XDERZG,861.3119700000001,431.15990000000005,287.7758766666667,216.08386500000003
XDEHDG,705.25468,353.131255,235.75678000000002,177.0695425
XDEHZG,842.26977,421.6388,281.42847666666665,211.323315
XDEDZG,820.2378,410.622815,274.0844866666667,205.8153225
XDFRHG,764.35467,382.68125000000003,255.45677666666668,191.84454000000002
XDFRDG,742.3227,371.66526500000003,248.1127866666667,186.33654750000002
XDFRZG,879.3377900000002,440.1728100000001,293.7844833333334,220.59032000000005
XDFHDG,723.2805,362.144165,241.76538666666667,181.5759975
XDFHZG,860.2955900000001,430.65171000000004,287.43708333333336,215.82977000000002
XDFDZG,838.2636200000001,419.63572500000004,280.09309333333334,210.32177750000002
XDRHDG,732.3131999999999,366.660515,244.77628666666666,183.8341725
XDRHZG,869.32829,435.16806,290.44798333333335,218.08794500000002
XDRDZG,847.29632,424.152075,283.10399333333334,212.57995250000002
XDHDZG,828.25412,414.630975,276.75659333333334,207.8194025
XAEFRG,712.3485199999999,356.67817499999995,238.12139333333332,178.84300249999998
XAEFHG,693.3063199999999,347.15707499999996,231.77399333333332,174.0824525
XAEFDG,671.2743499999999,336.14108999999996,224.4300033333333,168.57446
XAEFZG,808.2894399999999,404.64863499999996,270.1017,202.82823249999998
XAERHG,702.33902,351.673425,234.78489333333334,176.3406275
XAERDG,680.30705,340.65744,227.44090333333335,170.832635
XAERZG,817.32214,409.164985,273.1126,205.0864075
XAEHDG,661.2648499999999,331.13633999999996,221.0935033333333,166.072085
XAEHZG,798.27994,399.643885,266.7652,200.3258575
XAEDZG,776.24797,388.6279,259.42121000000003,194.817865
XAFRHG,720.3648400000001,360.68633500000004,240.79350000000002,180.84708250000003
XAFRDG,698.3328700000001,349.67035000000004,233.44951000000003,175.33909000000003
XAFRZG,835.3479600000001,418.17789500000003,279.1212066666667,209.59286250000002
XAFHDG,679.29067,340.14925,227.10211,170.57854
XAFHZG,816.3057600000001,408.65679500000005,272.7738066666667,204.83231250000003
XAFDZG,794.2737900000001,397.64081000000004,265.4298166666667,199.32432000000003
XARHDG,688.32337,344.6656,230.11301,172.836715
XARHZG,825.33846,413.17314500000003,275.7847066666667,207.09048750000002
XARDZG,803.30649,402.15716000000003,268.4407166666667,201.58249500000002
XAHDZG,784.26429,392.63606,262.0933166666667,196.821945
XEFRHG,778.3703199999999,389.68907499999995,260.12865999999997,195.34845249999998
XEFRDG,756.3383499999999,378.67308999999995,252.78466999999998,189.84045999999998
XEFRZG,893.35344,447.180635,298.45636666666667,224.0942325
XEFHDG,737.2961499999999,369.15198999999996,246.43726999999998,185.07990999999998
XEFHZG,874.3112399999999,437.65953499999995,292.1089666666666,219.33368249999998
XEFDZG,852.2792699999999,426.64354999999995,284.76497666666666,213.82568999999998
XERHDG,746.32885,373.66834,249.44817,187.338085
XERHZG,883.3439400000001,442.17588500000005,295.1198666666667,221.59185750000003
XERDZG,861.3119700000001,431.15990000000005,287.7758766666667,216.08386500000003
XEHDZG,842.26977,421.6388,281.42847666666665,211.323315
XFRHDG,764.35467,382.68125000000003,255.45677666666668,191.84454000000002
XFRHZG,901.3697600000002,451.1887950000001,301.1284733333334,226.09831250000005
XFRDZG,879.3377900000002,440.1728100000001,293.7844833333334,220.59032000000005
XFHDZG,860.2955900000001,430.65171000000004,287.43708333333336,215.82977000000002
XRHDZG,869.32829,435.16806,290.44798333333335,218.08794500000002
DAEFRG,694.3154599999999,347.66164499999996,232.1103733333333,174.3347375
DAEFHG,675.2732599999999,338.140545,225.76297333333332,169.5741875
DAEFDG,653.2412899999999,327.12456,218.41898333333333,164.066195
DAEFZG,790.2563799999999,395.63210499999997,264.09067999999996,198.3199675
DAERHG,684.30596,342.656895,228.77387333333334,171.83236250000002
DAERDG,662.27399,331.64091,221.42988333333335,166.32437000000002
DAERZG,799.28908,400.148455,267.10158,200.5781425
DAEHDG,643.2317899999999,322.11981,215.08248333333333,161.56382
DAEHZG,780.24688,390.627355,260.75418,195.81759250000002
DAEDZG,758.21491,379.61137,253.41019000000003,190.30960000000002
DAFRHG,702.3317800000001,351.66980500000005,234.78248000000005,176.33881750000003
DAFRDG,680.2998100000001,340.65382000000005,227.43849000000003,170.83082500000003
DAFRZG,817.3149000000001,409.16136500000005,273.1101866666667,205.08459750000003
DAFHDG,661.25761,331.13272,221.09109,166.070275
DAFHZG,798.2727000000001,399.64026500000006,266.7627866666667,200.32404750000003
DAFDZG,776.2407300000001,388.62428000000006,259.4187966666667,194.81605500000003
DARHDG,670.29031,335.64907,224.10199,168.32845
DARHZG,807.3054000000001,404.15661500000004,269.7736866666667,202.58222250000003
DARDZG,785.2734300000001,393.14063000000004,262.4296966666667,197.07423000000003
DAHDZG,766.23123,383.61953,256.08229666666665,192.31368
DEFRHG,760.3372599999999,380.67254499999996,254.11763999999997,190.84018749999998
DEFRDG,738.3052899999999,369.65655999999996,246.77364999999998,185.33219499999998
DEFRZG,875.32038,438.164105,292.4453466666667,219.5859675
DEFHDG,719.2630899999999,360.13545999999997,240.42624999999998,180.571645
DEFHZG,856.2781799999999,428.64300499999996,286.09794666666664,214.8254175
DEFDZG,834.2462099999999,417.62701999999996,278.7539566666666,209.317425
DERHDG,728.29579,364.65181,243.43715,182.82982
DERHZG,865.3108800000001,433.15935500000006,289.1088466666667,217.08359250000004
DERDZG,843.2789100000001,422.14337000000006,281.76485666666673,211.57560000000004
DEHDZG,824.23671,412.62227,275.4174566666667,206.81505
DFRHDG,746.32161,373.66472,249.44575666666665,187.336275
DFRHZG,883.3367,442.172265,295.11745333333334,221.5900475
DFRDZG,861.30473,431.15628,287.7734633333333,216.082055
DFHDZG,842.2625300000001,421.63518000000005,281.4260633333334,211.32150500000003
DRHDZG,851.2952300000001,426.15153000000004,284.4369633333334,213.57968000000002
AEFRHG,716.34743,358.67763,239.45436333333336,179.84273000000002
AEFRDG,694.31546,347.661645,232.11037333333334,174.33473750000002
AEFRZG,831.33055,416.16919,277.78207000000003,208.58851
AEFHDG,675.2732599999999,338.140545,225.76297333333332,169.5741875
AEFHZG,812.2883499999999,406.64808999999997,271.43467,203.82796
AEFDZG,790.2563799999999,395.63210499999997,264.09067999999996,198.3199675
AERHDG,684.30596,342.656895,228.77387333333334,171.83236250000002
AERHZG,821.3210500000001,411.16444000000007,274.44557000000003,206.08613500000004
AERDZG,799.2890800000001,400.14845500000007,267.10158000000007,200.57814250000004
AEHDZG,780.24688,390.627355,260.75418,195.81759250000002
AFRHDG,702.33178,351.669805,234.78248,176.3388175
AFRHZG,839.34687,420.17735,280.4541766666667,210.59259
AFRDZG,817.3149,409.161365,273.11018666666666,205.0845975
AFHDZG,798.2727000000001,399.64026500000006,266.7627866666667,200.32404750000003
ARHDZG,807.3054000000001,404.15661500000004,269.7736866666667,202.58222250000003
EFRHDG,760.33726,380.672545,254.11764000000002,190.8401875
EFRHZG,897.35235,449.18009,299.78933666666666,225.09396
EFRDZG,875.32038,438.164105,292.4453466666667,219.5859675
EFHDZG,856.2781799999999,428.64300499999996,286.09794666666664,214.8254175
ERHDZG,865.3108799999999,433.15935499999995,289.10884666666664,217.08359249999998
FRHDZG,883.3367,442.172265,295.11745333333334,221.5900475
XDAEFRG,827.3754600000001,414.19164500000005,276.4637066666667,207.59973750000003
XDAEFHG,808.33326,404.670545,270.1163066666667,202.8391875
XDAEFDG,786.30129,393.65456,262.77231666666665,197.331195
XDAEFZG,923.3163800000001,462.16210500000005,308.4440133333334,231.58496750000003
XDAERHG,817.36596,409.186895,273.12720666666667,205.0973625
XDAERDG,795.33399,398.17091,265.78321666666665,199.58937
XDAERZG,932.3490800000001,466.67845500000004,311.45491333333337,233.84314250000003
XDAEHDG,776.29179,388.64981,259.43581666666665,194.82882
XDAEHZG,913.30688,457.157355,305.1075133333333,229.0825925
XDAEDZG,891.27491,446.14137,297.76352333333335,223.5746
XDAFRHG,835.39178,418.199805,279.1358133333334,209.60381750000002
XDAFRDG,813.35981,407.18382,271.79182333333335,204.09582500000002
XDAFRZG,950.3749000000001,475.6913650000001,317.4635200000001,238.34959750000004
XDAFHDG,794.31761,397.66272,265.4444233333333,199.335275
XDAFHZG,931.3327,466.17026500000003,311.11612,233.58904750000002
XDAFDZG,909.30073,455.15428,303.77213,228.08105500000002
XDARHDG,803.35031,402.17907,268.45532333333335,201.59345000000002
XDARHZG,940.3654,470.686615,314.12702,235.84722250000002
XDARDZG,918.33343,459.67063,306.78303,230.33923000000001
XDAHDZG,899.2912299999999,450.14952999999997,300.43563,225.57868
XDEFRHG,893.3972600000001,447.20254500000004,298.47097333333335,224.10518750000003
XDEFRDG,871.3652900000001,436.18656000000004,291.1269833333334,218.59719500000003
XDEFRZG,1008.3803800000002,504.6941050000001,336.79868000000005,252.85096750000005
XDEFHDG,852.32309,426.66546,284.77958333333333,213.836645
XDEFHZG,989.3381800000001,495.17300500000005,330.45128000000005,248.09041750000003
XDEFDZG,967.3062100000001,484.15702000000005,323.10729000000003,242.58242500000003
XDERHDG,861.35579,431.18181,287.7904833333333,216.09482
XDERHZG,998.37088,499.68935500000003,333.46218000000005,250.34859250000002
XDERDZG,976.33891,488.67337000000003,326.11819,244.84060000000002
XDEHDZG,957.29671,479.15227,319.77079,240.08005
XDFRHDG,879.38161,440.19472,293.79909000000004,220.60127500000002
XDFRHZG,1016.3967000000001,508.70226500000007,339.4707866666667,254.85504750000004
XDFRDZG,994.3647300000001,497.68628000000007,332.12679666666673,249.34705500000004
XDFHDZG,975.32253,488.16518,325.7793966666667,244.58650500000002
XDRHDZG,984.35523,492.68153,328.7902966666667,246.84468
XAEFRHG,849.4074299999999,425.20762999999994,283.80769666666663,213.10772999999998
XAEFRDG,827.3754599999999,414.19164499999994,276.4637066666666,207.59973749999997
XAEFRZG,964.39055,482.69919,322.13540333333333,241.85351
XAEFHDG,808.3332599999999,404.67054499999995,270.1163066666666,202.83918749999998
XAEFHZG,945.3483499999999,473.17808999999994,315.7880033333333,237.09295999999998
XAEFDZG,923.3163799999999,462.16210499999994,308.4440133333333,231.58496749999998
XAERHDG,817.36596,409.186895,273.12720666666667,205.0973625
XAERHZG,954.3810500000001,477.69444000000004,318.7989033333334,239.35113500000003
XAERDZG,932.3490800000001,466.67845500000004,311.45491333333337,233.84314250000003
XAEHDZG,913.30688,457.157355,305.1075133333333,229.0825925
XAFRHDG,835.39178,418.199805,279.1358133333334,209.60381750000002
XAFRHZG,972.4068700000001,486.7073500000001,324.80751000000004,243.85759000000004
XAFRDZG,950.3749000000001,475.6913650000001,317.4635200000001,238.34959750000004
XAFHDZG,931.3327,466.17026500000003,311.11612,233.58904750000002
XARHDZG,940.3654,470.686615,314.12702,235.84722250000002
XEFRHDG,893.3972599999998,447.20254499999993,298.4709733333333,224.10518749999997
XEFRHZG,1030.41235,515.71009,344.14267,258.35896
XEFRDZG,1008.38038,504.694105,336.79868,252.8509675
XEFHDZG,989.3381799999999,495.17300499999993,330.45127999999994,248.09041749999997
XERHDZG,998.37088,499.68935500000003,333.46218000000005,250.34859250000002
XFRHDZG,1016.3967000000001,508.70226500000007,339.4707866666667,254.85504750000004
DAEFRHG,831.3743699999999,416.19109999999995,277.79667666666666,208.59946499999998
DAEFRDG,809.3423999999999,405.17511499999995,270.45268666666664,203.09147249999998
DAEFRZG,946.35749,473.68266,316.12438333333336,237.345245
DAEFHDG,790.3001999999999,395.65401499999996,264.10528666666664,198.33092249999999
DAEFHZG,927.3152899999999,464.16155999999995,309.7769833333333,232.58469499999998
DAEFDZG,905.2833199999999,453.14557499999995,302.4329933333333,227.07670249999998
DAERHDG,799.3329,400.170365,267.1161866666667,200.5890975
DAERHZG,936.3479900000001,468.67791000000005,312.78788333333335,234.84287000000003
DAERDZG,914.3160200000001,457.66192500000005,305.4438933333334,229.33487750000003
DAEHDZG,895.27382,448.140825,299.09649333333334,224.5743275
DAFRHDG,817.3587200000001,409.18327500000004,273.12479333333334,205.09555250000003
DAFRHZG,954.3738100000002,477.6908200000001,318.79649000000006,239.34932500000005
DAFRDZG,932.3418400000002,466.6748350000001,311.45250000000004,233.84133250000005
DAFHDZG,913.2996400000001,457.15373500000004,305.10510000000005,229.08078250000003
DARHDZG,922.33234,461.67008500000003,308.11600000000004,231.33895750000002
DEFRHDG,875.3641999999999,438.18601499999994,292.4599533333333,219.59692249999998
DEFRHZG,1012.37929,506.69356,338.13165,253.850695
DEFRDZG,990.34732,495.677575,330.78766,248.3427025
DEFHDZG,971.3051199999999,486.15647499999994,324.44025999999997,243.58215249999998
DERHDZG,980.3378200000001,490.67282500000005,327.45116,245.84032750000003
DFRHDZG,998.3636399999999,499.68573499999997,333.45976666666667,250.3467825
AEFRHDG,831.37437,416.1911,277.79667666666666,208.599465
AEFRHZG,968.38946,484.698645,323.4683733333333,242.8532375
AEFRDZG,946.35749,473.68266,316.12438333333336,237.345245
AEFHDZG,927.3152899999999,464.16155999999995,309.7769833333333,232.58469499999998
AERHDZG,936.3479900000001,468.67791000000005,312.78788333333335,234.84287000000003
AFRHDZG,954.3738099999999,477.69082,318.79649,239.349325
EFRHDZG,1012.37929,506.69356,338.13165,253.850695
XDAEFRHG,964.4343700000001,482.72110000000004,322.15001,241.86446500000002
XDAEFRDG,942.4024000000001,471.70511500000003,314.80602000000005,236.35647250000002
XDAEFRZG,1079.41749,540.21266,360.4777166666667,270.610245
XDAEFHDG,923.3602,462.184015,308.45862,231.5959225
XDAEFHZG,1060.37529,530.69156,354.13031666666666,265.849695
XDAEFDZG,1038.3433200000002,519.6755750000001,346.78632666666675,260.34170250000005
XDAERHDG,932.3928999999999,466.700365,311.46952,233.8540975
XDAERHZG,1069.40799,535.20791,357.14121666666665,268.10787
XDAERDZG,1047.37602,524.191925,349.79722666666663,262.5998775
XDAEHDZG,1028.33382,514.670825,343.4498266666667,257.8393275
XDAFRHDG,950.41872,475.713275,317.4781266666667,238.3605525
XDAFRHZG,1087.43381,544.22082,363.14982333333336,272.614325
XDAFRDZG,1065.40184,533.204835,355.80583333333334,267.1063325
XDAFHDZG,1046.35964,523.683735,349.4584333333333,262.3457825
XDARHDZG,1055.3923399999999,528.200085,352.4693333333333,264.6039575
XDEFRHDG,1008.4242,504.716015,336.81328666666667,252.86192250000002
XDEFRHZG,1145.43929,573.22356,382.48498333333333,287.115695
XDEFRDZG,1123.40732,562.207575,375.14099333333337,281.6077025
XDEFHDZG,1104.36512,552.686475,368.7935933333333,276.8471525
XDERHDZG,1113.39782,557.202825,371.8044933333333,279.1053275
XDFRHDZG,1131.42364,566.215735,377.8131,283.6117825
XAEFRHDG,964.4343699999998,482.7210999999999,322.15000999999995,241.86446499999997
XAEFRHZG,1101.4494599999998,551.2286449999999,367.8217066666666,276.11823749999996
XAEFRDZG,1079.4174899999998,540.2126599999999,360.4777166666666,270.61024499999996
XAEFHDZG,1060.3752899999997,530.6915599999999,354.1303166666666,265.84969499999994
XAERHDZG,1069.40799,535.20791,357.14121666666665,268.10787
XAFRHDZG,1087.43381,544.22082,363.14982333333336,272.614325
XEFRHDZG,1145.4392899999998,573.2235599999999,382.4849833333333,287.11569499999996
DAEFRHDG,946.4013099999999,473.70456999999993,316.13899,237.35619999999997
DAEFRHZG,1083.4163999999998,542.2121149999999,361.81068666666664,271.60997249999997
DAEFRDZG,1061.3844299999998,531.1961299999999,354.4666966666666,266.10197999999997
DAEFHDZG,1042.34223,521.67503,348.1192966666667,261.34143
DAERHDZG,1051.37493,526.19138,351.1301966666667,263.599605
DAFRHDZG,1069.40075,535.20429,357.1388033333333,268.10606
DEFRHDZG,1127.4062299999998,564.2070299999999,376.4739633333333,282.60742999999997
AEFRHDZG,1083.4163999999998,542.2121149999999,361.81068666666664,271.60997249999997
XDAEFRHDG,1079.46131,540.23457,360.49232333333333,270.6212
XDAEFRHZG,1216.4764,608.742115,406.16402,304.8749725
XDAEFRDZG,1194.44443,597.72613,398.82003000000003,299.36698
XDAEFHDZG,1175.40223,588.20503,392.47263,294.60643
XDAERHDZG,1184.43493,592.72138,395.48353,296.864605
XDAFRHDZG,1202.46075,601.73429,401.4921366666667,301.37106
XDEFRHDZG,1260.46623,630.73703,420.82729666666665,315.87243
XAEFRHDZG,1216.4763999999998,608.7421149999999,406.16401999999994,304.87497249999996
DAEFRHDZG,1198.4433399999998,599.7255849999999,400.15299999999996,300.36670749999996
XDAEFRHDZG,1331.50334,666.255585,444.5063333333333,333.6317075
